{
  "breakdowns": [
    {
      "model": "bert-base",
      "seq": 128,
      "variant": "sigma",
      "time_breakdown_ms": {
        "linear": 163.45350081626134,
        "softmax": 277.63877112322325,
        "layernorm": 123.12787646970145,
        "activation": 172.90266651178698,
        "trunc_rescale": 145.3172535283336,
        "transfer": 394.75733691964905,
        "misc_comm": 96.57659463104437,
        "misc_compute": 0.0,
        "total_ms": 1373.774,
        "comm_ms": 207.83
      },
      "comm_breakdown_bytes": {
        "activation_gelu": 171048960,
        "softmax": 278148096,
        "layernorm": 119510928,
        "misc_comm": 493682690
      },
      "comm_breakdown_gb": {
        "activation_gelu": 0.1593017578125,
        "softmax": 0.2590456008911133,
        "layernorm": 0.11130322515964508,
        "misc_comm": 0.45977783389389515
      },
      "total_comm_gb": 0.9894284177571535,
      "keygen_s": 1.206909,
      "key_gb": 16.834537506103516
    },
    {
      "model": "bert-base",
      "seq": 128,
      "variant": "suf",
      "time_breakdown_ms": {
        "linear": 173.07748827596552,
        "softmax": 158.98151751143718,
        "layernorm": 89.17440407203614,
        "activation": 55.086875386511764,
        "trunc_rescale": 160.22378051429635,
        "transfer": 337.2028082810398,
        "misc_comm": 85.1841259587133,
        "misc_compute": 0.0,
        "total_ms": 1058.931,
        "comm_ms": 153.773
      },
      "comm_breakdown_bytes": {
        "activation_gelu": 128581632,
        "softmax": 149612544,
        "layernorm": 119311104,
        "misc_comm": 493682690
      },
      "comm_breakdown_gb": {
        "activation_gelu": 0.1197509765625,
        "softmax": 0.13933753967285156,
        "layernorm": 0.11111712455749512,
        "misc_comm": 0.45977783389389515
      },
      "total_comm_gb": 0.8299834746867418,
      "keygen_s": 0.985067,
      "key_gb": 12.738677978515625
    },
    {
      "model": "bert-base",
      "seq": 256,
      "variant": "sigma",
      "time_breakdown_ms": {
        "linear": 178.86253650185077,
        "softmax": 951.2049619153875,
        "layernorm": 208.33805732065346,
        "activation": 322.7176702892447,
        "trunc_rescale": 278.99648792685883,
        "transfer": 851.682844663749,
        "misc_comm": 186.1914413822556,
        "misc_compute": 4.547473508864641e-13,
        "total_ms": 2977.994,
        "comm_ms": 460.548
      },
      "comm_breakdown_bytes": {
        "activation_gelu": 342097920,
        "softmax": 1111919616,
        "layernorm": 239021712,
        "misc_comm": 1148977154
      },
      "comm_breakdown_gb": {
        "activation_gelu": 0.318603515625,
        "softmax": 1.0355558395385742,
        "layernorm": 0.22260631620883942,
        "misc_comm": 1.0700683612376451
      },
      "total_comm_gb": 2.646834032610059,
      "keygen_s": 2.892284,
      "key_gb": 43.45994186401367
    },
    {
      "model": "bert-base",
      "seq": 256,
      "variant": "suf",
      "time_breakdown_ms": {
        "linear": 184.8741222864034,
        "softmax": 494.90917390894356,
        "layernorm": 141.43863612088177,
        "activation": 99.29159973651012,
        "trunc_rescale": 304.57623670037873,
        "transfer": 768.6357542725124,
        "misc_comm": 146.67847697437003,
        "misc_compute": 0.0,
        "total_ms": 2140.404,
        "comm_ms": 286.271
      },
      "comm_breakdown_bytes": {
        "activation_gelu": 257163264,
        "softmax": 597685248,
        "layernorm": 238622208,
        "misc_comm": 1148977154
      },
      "comm_breakdown_gb": {
        "activation_gelu": 0.239501953125,
        "softmax": 0.5566377639770508,
        "layernorm": 0.22223424911499023,
        "misc_comm": 1.0700683612376451
      },
      "total_comm_gb": 2.088442327454686,
      "keygen_s": 2.030843,
      "key_gb": 31.61911392211914
    },
    {
      "model": "bert-base",
      "seq": 512,
      "variant": "sigma",
      "time_breakdown_ms": {
        "linear": 190.9401382226386,
        "softmax": 3285.1856534822364,
        "layernorm": 354.9817877225879,
        "activation": 611.3290526517285,
        "trunc_rescale": 563.8556184614455,
        "transfer": 2283.2338612254894,
        "misc_comm": 396.6118882338737,
        "misc_compute": 0.0,
        "total_ms": 7686.138,
        "comm_ms": 1152.086
      },
      "comm_breakdown_bytes": {
        "activation_gelu": 684195840,
        "softmax": 4446314496,
        "layernorm": 478043280,
        "misc_comm": 2944401410
      },
      "comm_breakdown_gb": {
        "activation_gelu": 0.63720703125,
        "softmax": 4.140953063964844,
        "layernorm": 0.4452124983072281,
        "misc_comm": 2.742187501862645
      },
      "total_comm_gb": 7.965560095384717,
      "keygen_s": 7.038238,
      "key_gb": 127.98112869262695
    },
    {
      "model": "bert-base",
      "seq": 512,
      "variant": "suf",
      "time_breakdown_ms": {
        "linear": 212.2357851797901,
        "softmax": 1817.083642234188,
        "layernorm": 249.8816956965966,
        "activation": 198.68458192581167,
        "trunc_rescale": 609.1315461201779,
        "transfer": 1858.6572001277284,
        "misc_comm": 368.9855487157075,
        "misc_compute": 0.0,
        "total_ms": 5314.66,
        "comm_ms": 792.655
      },
      "comm_breakdown_bytes": {
        "activation_gelu": 514326528,
        "softmax": 2389192704,
        "layernorm": 477244416,
        "misc_comm": 2944401410
      },
      "comm_breakdown_gb": {
        "activation_gelu": 0.47900390625,
        "softmax": 2.225109100341797,
        "layernorm": 0.44446849822998047,
        "misc_comm": 2.742187501862645
      },
      "total_comm_gb": 5.8907690066844225,
      "keygen_s": 4.864678,
      "key_gb": 89.70413970947266
    },
    {
      "model": "gpt2",
      "seq": 128,
      "variant": "sigma",
      "time_breakdown_ms": {
        "linear": 172.53940416526763,
        "softmax": 181.95035034015103,
        "layernorm": 130.10155925020757,
        "activation": 182.74032503076384,
        "trunc_rescale": 147.17947975250203,
        "transfer": 334.4537846498258,
        "misc_comm": 109.758096811282,
        "misc_compute": 0.0,
        "total_ms": 1258.723,
        "comm_ms": 214.182
      },
      "comm_breakdown_bytes": {
        "activation_gelu": 171048960,
        "softmax": 140990976,
        "layernorm": 119510928,
        "misc_comm": 453595394
      },
      "comm_breakdown_gb": {
        "activation_gelu": 0.1593017578125,
        "softmax": 0.13130807876586914,
        "layernorm": 0.11130322515964508,
        "misc_comm": 0.4224436301738024
      },
      "total_comm_gb": 0.8243566919118166,
      "keygen_s": 1.077743,
      "key_gb": 14.292163848876953
    },
    {
      "model": "gpt2",
      "seq": 128,
      "variant": "suf",
      "time_breakdown_ms": {
        "linear": 176.5662042661651,
        "softmax": 101.49045742531672,
        "layernorm": 95.22246983770049,
        "activation": 57.76184725944029,
        "trunc_rescale": 151.8804929511236,
        "transfer": 313.11564150316127,
        "misc_comm": 84.40888675709255,
        "misc_compute": 0.0,
        "total_ms": 980.446,
        "comm_ms": 144.727
      },
      "comm_breakdown_bytes": {
        "activation_gelu": 128581632,
        "softmax": 76243968,
        "layernorm": 119311104,
        "misc_comm": 453595394
      },
      "comm_breakdown_gb": {
        "activation_gelu": 0.1197509765625,
        "softmax": 0.07100772857666016,
        "layernorm": 0.11111712455749512,
        "misc_comm": 0.4224436301738024
      },
      "total_comm_gb": 0.7243194598704576,
      "keygen_s": 0.886992,
      "key_gb": 11.101318359375
    },
    {
      "model": "gpt2",
      "seq": 256,
      "variant": "sigma",
      "time_breakdown_ms": {
        "linear": 206.77843938768996,
        "softmax": 613.1740987985735,