{
  "results": [
    {
      "variant": "sigma",
      "model": "bert-base",
      "seq": 128,
      "runs": [
        {
          "run_idx": 0,
          "keygen_us": 1206909,
          "key_bytes": 18075947008,
          "total_us": 1373774,
          "comm_us": 207830,
          "transfer_us": 500231,
          "matmul_us": 207126,
          "truncate_us": 184144,
          "gelu_us": 176698,
          "softmax_us": 282869,
          "layernorm_us": 126400,
          "total_comm_bytes": 1062390674,
          "gelu_comm_bytes": 171048960,
          "softmax_comm_bytes": 278148096,
          "layernorm_comm_bytes": 119510928,
          "existing": true
        },
        {
          "run_idx": 1,
          "keygen_us": 1342878,
          "key_bytes": 18075947008,
          "total_us": 1637736,
          "comm_us": 375209,
          "transfer_us": 467486,
          "matmul_us": 205825,
          "truncate_us": 205401,
          "gelu_us": 222745,
          "softmax_us": 415867,
          "layernorm_us": 146063,
          "total_comm_bytes": 1062390674,
          "gelu_comm_bytes": 171048960,
          "softmax_comm_bytes": 278148096,
          "layernorm_comm_bytes": 119510928,
          "existing": false
        },
        {
          "run_idx": 2,
          "keygen_us": 1305947,
          "key_bytes": 18075947008,
          "total_us": 1589811,
          "comm_us": 257263,
          "transfer_us": 502835,
          "matmul_us": 205230,
          "truncate_us": 181807,
          "gelu_us": 201145,
          "softmax_us": 296380,
          "layernorm_us": 145560,
          "total_comm_bytes": 1062390674,
          "gelu_comm_bytes": 171048960,
          "softmax_comm_bytes": 278148096,
          "layernorm_comm_bytes": 119510928,
          "existing": false
        }
      ],
      "agg": {
        "total_us": {
          "mean": 1533773.6666666667,
          "std": 114816.14696645338,
          "median": 1589811,
          "min": 1373774,
          "max": 1637736,
          "n": 3
        },
        "comm_us": {
          "mean": 280100.6666666667,
          "std": 70214.44141263881,
          "median": 257263,
          "min": 207830,
          "max": 375209,
          "n": 3
        },
        "keygen_us": {
          "mean": 1285244.6666666667,
          "std": 57406.92289456231,
          "median": 1305947,
          "min": 1206909,
          "max": 1342878,
          "n": 3
        },
        "total_comm_bytes": {
          "mean": 1062390674,
          "std": 0.0,
          "median": 1062390674,
          "min": 1062390674,
          "max": 1062390674,
          "n": 3
        },
        "key_bytes": {
          "mean": 18075947008,
          "std": 0.0,
          "median": 18075947008,
          "min": 18075947008,
          "max": 18075947008,
          "n": 3
        },
        "gelu_us": {
          "mean": 200196,
          "std": 18810.582181314858,
          "median": 201145,
          "min": 176698,
          "max": 222745,
          "n": 3
        },
        "softmax_us": {
          "mean": 331705.3333333333,
          "std": 59766.35833160845,
          "median": 296380,
          "min": 282869,
          "max": 415867,
          "n": 3
        },
        "layernorm_us": {
          "mean": 139341,
          "std": 9152.972668301085,
          "median": 145560,
          "min": 126400,
          "max": 146063,
          "n": 3
        },
        "truncate_us": {
          "mean": 190450.66666666666,
          "std": 10614.447460366879,
          "median": 184144,
          "min": 181807,
          "max": 205401,
          "n": 3
        }
      }
    },
    {
      "variant": "suf",
      "model": "bert-base",
      "seq": 128,
      "runs": [
        {
          "run_idx": 0,
          "keygen_us": 985067,
          "key_bytes": 13678051328,
          "total_us": 1058931,
          "comm_us": 153773,
          "transfer_us": 402323,
          "matmul_us": 206502,
          "truncate_us": 191166,
          "gelu_us": 39254,
          "softmax_us": 158883,
          "layernorm_us": 81833,
          "total_comm_bytes": 891187970,
          "gelu_comm_bytes": 128581632,
          "softmax_comm_bytes": 149612544,
          "layernorm_comm_bytes": 119311104,
          "existing": true
        },
        {
          "run_idx": 1,
          "keygen_us": 1096831,
          "key_bytes": 13678051328,
          "total_us": 1138590,
          "comm_us": 120755,
          "transfer_us": 396758,
          "matmul_us": 213546,
          "truncate_us": 228969,
          "gelu_us": 45249,
          "softmax_us": 156053,
          "layernorm_us": 81019,
          "total_comm_bytes": 891187970,
          "gelu_comm_bytes": 128581632,
          "softmax_comm_bytes": 149612544,
          "layernorm_comm_bytes": 119311104,
          "existing": false
        },
        {
          "run_idx": 2,
          "keygen_us": 1069267,
          "key_bytes": 13678051328,
          "total_us": 1160360,
          "comm_us": 137298,
          "transfer_us": 394105,
          "matmul_us": 229624,
          "truncate_us": 178310,
          "gelu_us": 39739,
          "softmax_us": 164739,
          "layernorm_us": 79635,
          "total_comm_bytes": 891187970,
          "gelu_comm_bytes": 128581632,
          "softmax_comm_bytes": 149612544,
          "layernorm_comm_bytes": 119311104,
          "existing": false
        }
      ],
      "agg": {
        "total_us": {
          "mean": 1119293.6666666667,
          "std": 43598.332310103586,
          "median": 1138590,
          "min": 1058931,
          "max": 1160360,
          "n": 3
        },
        "comm_us": {
          "mean": 137275.33333333334,
          "std": 13479.551583375795,
          "median": 137298,
          "min": 120755,
          "max": 153773,
          "n": 3
        },
        "keygen_us": {
          "mean": 1050388.3333333333,
          "std": 47540.16523133068,
          "median": 1069267,
          "min": 985067,
          "max": 1096831,
          "n": 3
        },
        "total_comm_bytes": {
          "mean": 891187970,
          "std": 0.0,
          "median": 891187970,
          "min": 891187970,
          "max": 891187970,
          "n": 3
        },
        "key_bytes": {
          "mean": 13678051328,
          "std": 0.0,
          "median": 13678051328,
          "min": 13678051328,
          "max": 13678051328,
          "n": 3
        },
        "gelu_us": {
          "mean": 41414,
          "std": 2718.9734582497613,
          "median": 39739,
          "min": 39254,
          "max": 45249,
          "n": 3
        },
        "softmax_us": {
          "mean": 159891.66666666666,
          "std": 3617.0619138865854,
          "median": 158883,
          "min": 156053,
          "max": 164739,
          "n": 3
        },
        "layernorm_us": {
          "mean": 80829,
          "std": 907.3316189060462,
          "median": 81019,
          "min": 79635,
          "max": 81833,
          "n": 3
        },
        "truncate_us": {
          "mean": 199481.66666666666,
          "std": 21501.10546512021,
          "median": 191166,
          "min": 178310,
          "max": 228969,
          "n": 3
        }
      }
    },
    {
      "variant": "sigma",
      "model": "gpt2",
      "seq": 128,
      "runs": [
        {
          "run_idx": 0,
          "keygen_us": 1077743,
          "key_bytes": 15346094080,
          "total_us": 1258723,
          "comm_us": 214182,
          "transfer_us": 430083,
          "matmul_us": 221873,
          "truncate_us": 189262,
          "gelu_us": 181767,
          "softmax_us": 190104,
          "layernorm_us": 130114,
          "total_comm_bytes": 885146258,
          "gelu_comm_bytes": 171048960,
          "softmax_comm_bytes": 140990976,
          "layernorm_comm_bytes": 119510928,
          "existing": true
        },
        {
          "run_idx": 1,
          "keygen_us": 1187383,
          "key_bytes": 15346094080,